date,value,value_classification,price
2020-01-01,53,Neutral,7200.0
2020-01-02,41,Fear,7429.072983051326
2020-01-03,57,Greed,7527.468927332505
2020-01-04,52,Neutral,7500.231945930529
2020-01-05,50,Neutral,7884.44715426609
2020-01-06,51,Neutral,7434.617132550333
2020-01-07,48,Neutral,7545.790033447096
2020-01-08,59,Greed,7429.512922357403
2020-01-09,52,Neutral,7484.64044855583
2020-01-10,59,Greed,7702.362030793924
2020-01-11,56,Greed,7411.69082345723
2020-01-12,47,Neutral,7271.156965132038
2020-01-13,46,Neutral,7329.734605586209
2020-01-14,47,Neutral,7005.545431524403
2020-01-15,40,Fear,7370.244913858448
2020-01-16,51,Neutral,7116.451558723758
2020-01-17,50,Neutral,6853.539839908678
2020-01-18,44,Fear,6733.351372933049
2020-01-19,53,Neutral,6409.466897357017
2020-01-20,50,Neutral,6534.033473594601
2020-01-21,54,Neutral,6489.375131151931
2020-01-22,58,Greed,6301.646105089406
2020-01-23,56,Greed,6249.128363792572
2020-01-24,54,Neutral,6651.865472139517
2020-01-25,59,Greed,6687.790486358481
2020-01-26,45,Neutral,6636.801454576043
2020-01-27,43,Fear,6706.9089901684565
2020-01-28,53,Neutral,6672.7488000485755
2020-01-29,46,Neutral,6773.669250893189
2020-01-30,42,Fear,7166.493714608571
2020-01-31,38,Fear,7134.571021765791
2020-02-01,44,Fear,7457.722723479236
2020-02-02,37,Fear,7242.430606636449
2020-02-03,40,Fear,7684.883971095765
2020-02-04,38,Fear,7614.453233814353
2020-02-05,51,Neutral,8026.600171444713
2020-02-06,46,Neutral,8526.239881543672
2020-02-07,49,Neutral,8638.271436456964
2020-02-08,47,Neutral,8115.3394800381675
2020-02-09,47,Neutral,8095.852501821953
2020-02-10,40,Fear,7846.485373395718
2020-02-11,38,Fear,7420.632841476003
2020-02-12,39,Fear,7274.658657499429
2020-02-13,50,Neutral,7666.4849272931915
2020-02-14,51,Neutral,8063.379713886112
2020-02-15,48,Neutral,7825.811683951987
2020-02-16,52,Neutral,8157.341672789668
2020-02-17,55,Neutral,7708.640326229497
2020-02-18,60,Greed,8027.728830159063
2020-02-19,60,Greed,7987.191311149241
2020-02-20,67,Greed,8404.603435576346
2020-02-21,65,Greed,8550.42692003779
2020-02-22,71,Greed,8734.841462517335
2020-02-23,74,Greed,9128.22207695067
2020-02-24,70,Greed,8971.859476824267
2020-02-25,66,Greed,9146.229347460814
2020-02-26,68,Greed,8858.712677562571
2020-02-27,64,Greed,8481.067660359147
2020-02-28,60,Greed,8332.153174981857
2020-02-29,58,Greed,8778.72536894462
2020-03-01,67,Greed,9382.723511568443
2020-03-02,72,Greed,9670.634522949917
2020-03-03,68,Greed,9422.512152881742
2020-03-04,63,Greed,9063.549528830952
2020-03-05,61,Greed,9198.145198166101
2020-03-06,51,Neutral,9120.870459354064
2020-03-07,50,Neutral,9347.532258390687
2020-03-08,43,Fear,9004.314014235528
2020-03-09,48,Neutral,8844.964594185814
2020-03-10,35,Fear,8445.647220529672
2020-03-11,46,Neutral,8569.62376800819
2020-03-12,61,Greed,9686.073694716135
2020-03-13,57,Greed,9139.817592811727
2020-03-14,57,Greed,9004.985396649288
2020-03-15,57,Greed,9258.5693408688
2020-03-16,56,Greed,9293.34307215763
2020-03-17,52,Neutral,8267.506612092891
2020-03-18,42,Fear,7829.182682760458
2020-03-19,34,Fear,7876.8470457661
2020-03-20,33,Fear,7715.884733145553
2020-03-21,30,Fear,7598.71300708001
2020-03-22,25,Fear,7400.8453329436525
2020-03-23,27,Fear,8147.011566504432
2020-03-24,19,Extreme Fear,7800.211164821733
2020-03-25,20,Extreme Fear,7792.388464665132
2020-03-26,16,Extreme Fear,7580.04808420652
2020-03-27,21,Extreme Fear,8124.9431102444605
2020-03-28,27,Fear,8505.625592094562
2020-03-29,33,Fear,8618.882738297872
2020-03-30,31,Fear,8698.901283716064
2020-03-31,23,Extreme Fear,8337.281982236405
2020-04-01,21,Extreme Fear,8242.030919258108
2020-04-02,22,Extreme Fear,8097.075356134961
2020-04-03,21,Extreme Fear,7471.699622161231
2020-04-04,15,Extreme Fear,7535.707056597282
2020-04-05,19,Extreme Fear,7527.030745305028
2020-04-06,17,Extreme Fear,7297.891207832519
2020-04-07,19,Extreme Fear,7271.351515060118
2020-04-08,18,Extreme Fear,7083.438094175875
2020-04-09,16,Extreme Fear,6991.747017489373
2020-04-10,14,Extreme Fear,6747.489876411377
2020-04-11,7,Extreme Fear,7042.927862639105
2020-04-12,15,Extreme Fear,7213.896108162923
2020-04-13,19,Extreme Fear,7472.4991489312015
2020-04-14,21,Extreme Fear,7400.071219433026
2020-04-15,18,Extreme Fear,7630.23692936474
2020-04-16,30,Fear,7898.028800320083
2020-04-17,31,Fear,7834.027057780594
2020-04-18,36,Fear,7726.849514414843
2020-04-19,43,Fear,8471.109329474446
2020-04-20,52,Neutral,9091.964215088597
2020-04-21,60,Greed,8938.99773568256
2020-04-22,49,Neutral,8572.484524120873
2020-04-23,44,Fear,8537.867177234477
2020-04-24,39,Fear,8179.9585679101365
2020-04-25,51,Neutral,8483.380608861557
2020-04-26,53,Neutral,9134.201252109204
2020-04-27,52,Neutral,9450.756843235144
2020-04-28,52,Neutral,9439.184081538675
2020-04-29,55,Neutral,9737.327080490486
2020-04-30,51,Neutral,9577.374936194452
2020-05-01,48,Neutral,9204.267072796798
2020-05-02,50,Neutral,10046.886227630113
2020-05-03,64,Greed,9960.458992069965
2020-05-04,69,Greed,10401.594908753896
2020-05-05,68,Greed,10621.598993692927
2020-05-06,64,Greed,10332.402193103928
2020-05-07,63,Greed,10717.040472522132
2020-05-08,68,Greed,10190.118996798361
2020-05-09,61,Greed,9807.954230134646
2020-05-10,68,Greed,10082.620934253688
2020-05-11,66,Greed,9344.802239116634
2020-05-12,61,Greed,9526.382207385423
2020-05-13,66,Greed,9978.812980625304
2020-05-14,69,Greed,9629.111710829053
2020-05-15,60,Greed,9007.403033526352
2020-05-16,57,Greed,9539.17770239226
2020-05-17,50,Neutral,9335.172115285734
2020-05-18,58,Greed,10323.914877474275
2020-05-19,64,Greed,11369.017483819736
2020-05-20,68,Greed,11598.378666671486
2020-05-21,62,Greed,11848.178590544734
2020-05-22,68,Greed,12245.407734632896
2020-05-23,66,Greed,12440.377009721538
2020-05-24,61,Greed,11865.128977526709
2020-05-25,69,Greed,11864.951314478481
2020-05-26,61,Greed,12059.774775481479
2020-05-27,65,Greed,11778.100143751031
2020-05-28,59,Greed,11779.98636474643
2020-05-29,55,Neutral,11683.827586070087
2020-05-30,60,Greed,12264.628724728313
2020-05-31,59,Greed,12207.16245103191
2020-06-01,58,Greed,12855.11489635373
2020-06-02,65,Greed,13009.821889127927
2020-06-03,63,Greed,13496.520190744804
2020-06-04,68,Greed,14467.104063130144
2020-06-05,62,Greed,16543.59980094867
2020-06-06,63,Greed,15389.845869442172
2020-06-07,64,Greed,14766.494369923284
2020-06-08,63,Greed,15968.749385307387
2020-06-09,65,Greed,15895.293237866492
2020-06-10,69,Greed,16126.520302164949
2020-06-11,65,Greed,16788.603614291504
2020-06-12,60,Greed,16316.646080213657
2020-06-13,65,Greed,16582.127636677524
2020-06-14,71,Greed,19150.87486732091
2020-06-15,66,Greed,19555.27250464188
2020-06-16,65,Greed,20905.97711887887
2020-06-17,62,Greed,21801.534211979506
2020-06-18,66,Greed,22738.11552682825
2020-06-19,67,Greed,21849.435642142987
2020-06-20,69,Greed,22785.66626498989
2020-06-21,64,Greed,23455.49459409841
2020-06-22,62,Greed,23156.378079770206
2020-06-23,69,Greed,23744.29530694979
2020-06-24,64,Greed,24638.686511388656
2020-06-25,60,Greed,24418.477862831285
2020-06-26,66,Greed,23551.132762619563
2020-06-27,68,Greed,24896.81130298653
2020-06-28,69,Greed,23328.15270595468
2020-06-29,58,Greed,23384.00204766647
2020-06-30,67,Greed,24998.18410465477
2020-07-01,64,Greed,24142.95231923865
2020-07-02,64,Greed,24153.39111674068
2020-07-03,57,Greed,25013.98731464866
2020-07-04,62,Greed,25688.600785541534
2020-07-05,66,Greed,25250.441696997303
2020-07-06,72,Greed,25888.944345614826
2020-07-07,65,Greed,24726.022755377984
2020-07-08,59,Greed,24778.754813986478
2020-07-09,69,Greed,25612.122054637337
2020-07-10,65,Greed,26952.889091249333
2020-07-11,65,Greed,25370.650153193514
2020-07-12,60,Greed,26100.61039095087
2020-07-13,59,Greed,24430.492434144267
2020-07-14,49,Neutral,22287.207089940068
2020-07-15,49,Neutral,21290.18337013781
2020-07-16,40,Fear,21775.569661246598
2020-07-17,42,Fear,21889.45730502613
2020-07-18,35,Fear,20809.753844016497
2020-07-19,39,Fear,21939.586889810136
2020-07-20,26,Fear,21747.226341266105
2020-07-21,30,Fear,23038.49193581367
2020-07-22,34,Fear,23720.24531413439
2020-07-23,28,Fear,23109.096294211085
2020-07-24,39,Fear,23891.59066058605
2020-07-25,37,Fear,23531.45248107871
2020-07-26,29,Fear,24409.190705165718
2020-07-27,42,Fear,26094.553422783323
2020-07-28,44,Fear,26760.079470457065
2020-07-29,47,Neutral,24719.022919657036
2020-07-30,38,Fear,24548.03689187555
2020-07-31,38,Fear,23604.007202377037
2020-08-01,41,Fear,23885.85890525892
2020-08-02,36,Fear,23379.594216003276
2020-08-03,43,Fear,25926.694704330665
2020-08-04,41,Fear,26743.358942214832
2020-08-05,37,Fear,26706.150171954134
2020-08-06,44,Fear,27037.480056157307
2020-08-07,40,Fear,25225.347820933926
2020-08-08,34,Fear,23947.346243899996
2020-08-09,24,Extreme Fear,24386.045314605086
2020-08-10,31,Fear,23811.965125377126
2020-08-11,33,Fear,23831.76064264082
2020-08-12,34,Fear,23696.614673600143
2020-08-13,36,Fear,23080.617474421844
2020-08-14,46,Neutral,23812.79635636492
2020-08-15,56,Greed,25032.134570639595
2020-08-16,46,Neutral,24535.45569277576
2020-08-17,69,Greed,26650.102418436672
2020-08-18,64,Greed,28040.530817430583
2020-08-19,52,Neutral,25338.51311253804
2020-08-20,50,Neutral,25104.874669408535
2020-08-21,47,Neutral,24843.655550984615
2020-08-22,45,Neutral,24576.931418725144
2020-08-23,38,Fear,24022.484575580394
2020-08-24,36,Fear,22747.644617742648
2020-08-25,33,Fear,23580.67119428385
2020-08-26,27,Fear,23251.519743713736
2020-08-27,18,Extreme Fear,22433.102925051593
2020-08-28,30,Fear,24214.630119423055
2020-08-29,36,Fear,24302.420617805725
2020-08-30,39,Fear,23904.340161387434
2020-08-31,31,Fear,22318.540023063146
2020-09-01,38,Fear,28858.55445390088
2020-09-02,45,Neutral,29570.283233337028
2020-09-03,41,Fear,30060.03897654421
2020-09-04,43,Fear,30228.717711241523
2020-09-05,40,Fear,29755.819777128705
2020-09-06,36,Fear,28154.754846874148
2020-09-07,43,Fear,29508.298624057446
2020-09-08,47,Neutral,30353.858166709495
2020-09-09,57,Greed,30032.782784063926
2020-09-10,58,Greed,30458.451499033254
2020-09-11,55,Neutral,29539.590680228706
2020-09-12,47,Neutral,28360.2402703863
2020-09-13,41,Fear,27377.629862530863
2020-09-14,42,Fear,27995.60306476808
2020-09-15,37,Fear,25596.847725344
2020-09-16,29,Fear,25998.481854700218
2020-09-17,21,Extreme Fear,26481.771965517015
2020-09-18,33,Fear,25928.443312950134
2020-09-19,33,Fear,26822.84357884316
2020-09-20,27,Fear,25925.114665573623
2020-09-21,30,Fear,25971.568166836703
2020-09-22,33,Fear,25659.301018485516
2020-09-23,37,Fear,26196.312707763373
2020-09-24,37,Fear,26161.335960274853
2020-09-25,45,Neutral,26728.25276159531
2020-09-26,45,Neutral,27164.747702431494
2020-09-27,42,Fear,27035.30995988978
2020-09-28,28,Fear,23344.5719143743
2020-09-29,24,Extreme Fear,23732.731916904024
2020-09-30,27,Fear,23640.464099911926
2020-10-01,23,Extreme Fear,24188.527647551484
2020-10-02,21,Extreme Fear,23705.70484884377
2020-10-03,20,Extreme Fear,25477.563288667377
2020-10-04,30,Fear,28628.349304059284
2020-10-05,27,Fear,27682.460831840326
2020-10-06,27,Fear,27160.346241515632
2020-10-07,27,Fear,26725.951918559345
2020-10-08,18,Extreme Fear,25427.720239795028
2020-10-09,17,Extreme Fear,25843.547061683934
2020-10-10,19,Extreme Fear,26400.218034189227
2020-10-11,18,Extreme Fear,24134.516477806003
2020-10-12,21,Extreme Fear,24365.86795918754
2020-10-13,23,Extreme Fear,23635.43907880664
2020-10-14,23,Extreme Fear,25063.039663352538
2020-10-15,31,Fear,25002.381776600163
2020-10-16,34,Fear,23688.86510596082
2020-10-17,32,Fear,22963.377992502807
2020-10-18,25,Fear,23624.21081988781
2020-10-19,30,Fear,24737.457633627386
2020-10-20,27,Fear,24348.853387684983
2020-10-21,32,Fear,24213.72722126295
2020-10-22,31,Fear,24682.429666777483
2020-10-23,35,Fear,25870.408316877478
2020-10-24,34,Fear,26932.52238991192
2020-10-25,35,Fear,27084.38201863435
2020-10-26,37,Fear,27421.583444486103
2020-10-27,36,Fear,26974.081623460715
2020-10-28,45,Neutral,26694.211505227147
2020-10-29,58,Greed,28597.634752478032
2020-10-30,64,Greed,30659.081326851323
2020-10-31,66,Greed,31079.200025465954
2020-11-01,69,Greed,31153.250864562007
2020-11-02,62,Greed,31950.784615540382
2020-11-03,58,Greed,32888.32313960385
2020-11-04,57,Greed,32181.564564967524
2020-11-05,53,Neutral,32293.59649749134
2020-11-06,55,Neutral,31280.949541962527
2020-11-07,64,Greed,31077.50213696465
2020-11-08,63,Greed,29622.03334396589
2020-11-09,58,Greed,31162.724033610615
2020-11-10,68,Greed,30041.158393975104
2020-11-11,67,Greed,32499.739102216867
2020-11-12,64,Greed,31904.711567911607
2020-11-13,60,Greed,30854.34138118321
2020-11-14,66,Greed,32212.375584793415
2020-11-15,59,Greed,41807.325390238686
2020-11-16,66,Greed,45191.937124155564
2020-11-17,59,Greed,49474.91078784252
2020-11-18,62,Greed,46451.41313701632
2020-11-19,63,Greed,46446.26870689174
2020-11-20,62,Greed,46472.441644882594
2020-11-21,61,Greed,46361.51663704242
2020-11-22,62,Greed,45283.06978806668
2020-11-23,62,Greed,46734.609908174054
2020-11-24,62,Greed,48375.65507374889
2020-11-25,64,Greed,46460.70485719978
2020-11-26,57,Greed,47019.049347065826
2020-11-27,60,Greed,47012.830404973094
2020-11-28,59,Greed,45085.96817304826
2020-11-29,58,Greed,45141.2934520311
2020-11-30,64,Greed,44494.63593549057
2020-12-01,66,Greed,43351.62430384431
2020-12-02,62,Greed,42594.475426652265
2020-12-03,61,Greed,42714.351631653895
2020-12-04,55,Neutral,46415.94767076522
2020-12-05,57,Greed,45986.89075790489
2020-12-06,55,Neutral,43523.12877639158
2020-12-07,55,Neutral,44346.1359295999
2020-12-08,56,Greed,46011.34193158765
2020-12-09,58,Greed,44119.84101350981
2020-12-10,59,Greed,53036.78026775593
2020-12-11,63,Greed,52537.811037709725
2020-12-12,52,Neutral,52483.001810537666
2020-12-13,53,Neutral,54734.89463993085
2020-12-14,52,Neutral,51788.4274171062
2020-12-15,56,Greed,53660.995230263565
2020-12-16,52,Neutral,52459.467592726345
2020-12-17,51,Neutral,54478.232525321146
2020-12-18,43,Fear,53513.7414110755
2020-12-19,45,Neutral,51544.26133551471
2020-12-20,52,Neutral,51780.9048608418
2020-12-21,48,Neutral,50999.74027654019
2020-12-22,48,Neutral,50348.48975897836
2020-12-23,39,Fear,47653.48899284233
2020-12-24,35,Fear,46066.50309234319
2020-12-25,30,Fear,42747.757601637735
2020-12-26,13,Extreme Fear,41362.82997386084
2020-12-27,24,Extreme Fear,43487.94221450214
2020-12-28,24,Extreme Fear,40737.75645479676
2020-12-29,34,Fear,45266.95959995838
2020-12-30,33,Fear,46409.285118401574
2020-12-31,36,Fear,46868.29740227725
2021-01-01,43,Fear,49182.357052162595
2021-01-02,49,Neutral,48987.27333708593
2021-01-03,51,Neutral,49725.02494643944
2021-01-04,42,Fear,51778.054566236584
2021-01-05,43,Fear,49015.06073654079
2021-01-06,42,Fear,51245.323031760476
2021-01-07,49,Neutral,51445.25366911557
2021-01-08,47,Neutral,52026.875526012744
2021-01-09,38,Fear,52174.43655374591
2021-01-10,33,Fear,51547.77700093377
2021-01-11,34,Fear,52715.37528283145
2021-01-12,33,Fear,52147.62674097169
2021-01-13,38,Fear,51199.08866809229
2021-01-14,28,Fear,49424.76159339871
2021-01-15,31,Fear,50460.41773620243
2021-01-16,23,Extreme Fear,46288.962229765064
2021-01-17,27,Fear,47421.03310020147
2021-01-18,31,Fear,49071.258707964116
2021-01-19,34,Fear,48108.051528563476
2021-01-20,39,Fear,51243.57331119157
2021-01-21,37,Fear,52109.58223235343
2021-01-22,33,Fear,48171.68848349341
2021-01-23,42,Fear,52350.19016980991
2021-01-24,59,Greed,52975.728699805884
2021-01-25,65,Greed,58752.968508622514
2021-01-26,63,Greed,55147.122499075915
2021-01-27,71,Greed,56373.01639786255
2021-01-28,65,Greed,58890.41684028964
2021-01-29,63,Greed,57902.70036541797
2021-01-30,56,Greed,54390.718180647615
2021-01-31,62,Greed,62420.35001905253
2021-02-01,62,Greed,61985.924347954904
2021-02-02,57,Greed,61461.86649894723
2021-02-03,52,Neutral,63549.85808602402
2021-02-04,60,Greed,65030.159890939176
2021-02-05,56,Greed,62600.028896925345
2021-02-06,48,Neutral,59226.35359866913
2021-02-07,48,Neutral,59496.15015720602
2021-02-08,53,Neutral,61509.90600567679
2021-02-09,55,Neutral,64116.57788613152
2021-02-10,56,Greed,66092.0304189353
2021-02-11,59,Greed,66806.04098256386
2021-02-12,71,Greed,67914.78263158492
2021-02-13,67,Greed,69566.51867056165
2021-02-14,66,Greed,68100.04928676756
2021-02-15,73,Greed,68658.39240415856
2021-02-16,68,Greed,67893.81732793391
2021-02-17,58,Greed,65556.79485034656
2021-02-18,65,Greed,63164.9081754466
2021-02-19,54,Neutral,66212.29718361238
2021-02-20,59,Greed,67266.25824146677
2021-02-21,68,Greed,67141.7362549422
2021-02-22,64,Greed,69352.04542651675
2021-02-23,63,Greed,70294.55800098453
2021-02-24,66,Greed,74279.57683426254
2021-02-25,59,Greed,76022.1066784335
2021-02-26,63,Greed,78573.01987845279
2021-02-27,63,Greed,79082.77706803444
2021-02-28,56,Greed,69407.28301734458
2021-03-01,55,Neutral,67722.60915659051
2021-03-02,52,Neutral,69697.26812527033
2021-03-03,43,Fear,65481.40593565898
2021-03-04,47,Neutral,62281.96784235026
2021-03-05,38,Fear,62017.26585335648
2021-03-06,33,Fear,61764.49556150202
2021-03-07,32,Fear,61808.7240971792
2021-03-08,27,Fear,58118.699782680975
2021-03-09,34,Fear,58167.42621660053
2021-03-10,31,Fear,57500.01578715982
2021-03-11,26,Fear,58673.65232236321
2021-03-12,25,Fear,54614.5518824885
2021-03-13,21,Extreme Fear,54687.095114664364
2021-03-14,20,Extreme Fear,54266.68926638646
2021-03-15,15,Extreme Fear,51345.2749261577
2021-03-16,9,Extreme Fear,49289.90974621762
2021-03-17,6,Extreme Fear,48063.00244470369
2021-03-18,9,Extreme Fear,44962.160047471894
2021-03-19,5,Extreme Fear,44099.086298515205
2021-03-20,6,Extreme Fear,48565.724932503676
2021-03-21,9,Extreme Fear,47567.76865510153
2021-03-22,6,Extreme Fear,46630.286132881134
2021-03-23,7,Extreme Fear,46844.45020577042
2021-03-24,8,Extreme Fear,47147.269516923145
2021-03-25,8,Extreme Fear,48881.24791565539
2021-03-26,7,Extreme Fear,57149.4004230746
2021-03-27,10,Extreme Fear,59508.94376836415
2021-03-28,5,Extreme Fear,58742.0754694992
2021-03-29,10,Extreme Fear,60893.41400467551
2021-03-30,23,Extreme Fear,61425.38963530769
2021-03-31,21,Extreme Fear,61923.98200528576
2021-04-01,23,Extreme Fear,62884.57169240237
2021-04-02,29,Fear,63942.34956791121
2021-04-03,38,Fear,65653.79125776445
2021-04-04,39,Fear,65310.712651705464
2021-04-05,37,Fear,65483.92072392886
2021-04-06,41,Fear,64082.00717752908
2021-04-07,44,Fear,64247.511660589014
2021-04-08,46,Neutral,63019.69106789881
2021-04-09,54,Neutral,64718.542704601125
2021-04-10,41,Fear,60848.78715792036
2021-04-11,43,Fear,60095.820618778576
2021-04-12,43,Fear,58923.376392569626
2021-04-13,44,Fear,57928.01531698485
2021-04-14,45,Neutral,59622.35308887368
2021-04-15,54,Neutral,58345.78225001239
2021-04-16,56,Greed,56900.4354362278
2021-04-17,63,Greed,55463.98441070718
2021-04-18,68,Greed,56586.268968897115
2021-04-19,66,Greed,57861.89408181175
2021-04-20,73,Greed,59977.06934816797
2021-04-21,72,Greed,62282.33889263904
2021-04-22,76,Extreme Greed,62823.199136295356
2021-04-23,72,Greed,60264.61483498124
2021-04-24,54,Neutral,57560.67696616956
2021-04-25,48,Neutral,59717.57171199533
2021-04-26,45,Neutral,60977.032565358044
2021-04-27,48,Neutral,64785.46415053214
2021-04-28,57,Greed,70662.79903182184
2021-04-29,59,Greed,73764.72376044489
2021-04-30,61,Greed,77005.75471024633
2021-05-01,60,Greed,74158.96194247417
2021-05-02,53,Neutral,70464.25373423111
2021-05-03,50,Neutral,69915.11288377293
2021-05-04,43,Fear,69474.38064022538
2021-05-05,47,Neutral,76016.7139885546
2021-05-06,52,Neutral,75588.55003187167
2021-05-07,59,Greed,78102.80985415124
2021-05-08,58,Greed,72586.3507075563
2021-05-09,53,Neutral,69789.72603254886
2021-05-10,64,Greed,72340.58552796229
2021-05-11,60,Greed,76005.3083430996
2021-05-12,69,Greed,77658.24142710704
2021-05-13,63,Greed,79770.53150306325
2021-05-14,66,Greed,77476.91984965505
2021-05-15,68,Greed,83404.44101971506
2021-05-16,67,Greed,81913.53352615677
2021-05-17,67,Greed,80457.55819826623
2021-05-18,57,Greed,63008.4232988641
2021-05-19,48,Neutral,67724.86168500724
2021-05-20,40,Fear,69610.84321656199
2021-05-21,48,Neutral,71514.0155531419
2021-05-22,48,Neutral,71254.00820951487
2021-05-23,45,Neutral,69010.28507461744
2021-05-24,44,Fear,66969.74904296448
2021-05-25,55,Neutral,71641.09325650393
2021-05-26,39,Fear,60736.02052820557
2021-05-27,33,Fear,62005.70624802934
2021-05-28,18,Extreme Fear,61329.83159622214
2021-05-29,22,Extreme Fear,64351.434094075885
2021-05-30,7,Extreme Fear,59030.086633154315
2021-05-31,11,Extreme Fear,57987.100501796
2021-06-01,9,Extreme Fear,54852.44676356151
2021-06-02,9,Extreme Fear,53472.04057690634
2021-06-03,3,Extreme Fear,52639.70838949717
2021-06-04,0,Extreme Fear,51956.66507259803
2021-06-05,2,Extreme Fear,47007.61374354324
2021-06-06,5,Extreme Fear,47768.54736597562
2021-06-07,0,Extreme Fear,48184.93981760649
2021-06-08,4,Extreme Fear,50771.41450029275
2021-06-09,0,Extreme Fear,49387.34435514381
2021-06-10,1,Extreme Fear,49903.13372680481
2021-06-11,5,Extreme Fear,47927.919221610275
2021-06-12,5,Extreme Fear,49817.118669084666
2021-06-13,3,Extreme Fear,47963.36362594158
2021-06-14,4,Extreme Fear,43916.03136051936
2021-06-15,0,Extreme Fear,42530.87970001779
2021-06-16,0,Extreme Fear,45167.37421825727
2021-06-17,6,Extreme Fear,46182.8725261581
2021-06-18,6,Extreme Fear,45742.632711229155
2021-06-19,4,Extreme Fear,48703.40788681474
2021-06-20,1,Extreme Fear,46141.25627604054
2021-06-21,1,Extreme Fear,47767.637274154295
2021-06-22,0,Extreme Fear,47109.631591437086
2021-06-23,8,Extreme Fear,47404.6304757785
2021-06-24,8,Extreme Fear,43904.135081378474
2021-06-25,13,Extreme Fear,46790.41613956702
2021-06-26,11,Extreme Fear,45285.87340050564
2021-06-27,16,Extreme Fear,44302.1170160619
2021-06-28,11,Extreme Fear,46579.277946326016
2021-06-29,7,Extreme Fear,42736.08781128686
2021-06-30,11,Extreme Fear,45354.32950717564
2021-07-01,13,Extreme Fear,44369.13845868858
2021-07-02,21,Extreme Fear,44711.24472666848
2021-07-03,31,Fear,44408.63630312071
2021-07-04,29,Fear,46611.54366275451
2021-07-05,33,Fear,46113.78762741779
2021-07-06,17,Extreme Fear,38323.97065717935
2021-07-07,7,Extreme Fear,33991.46871556485
2021-07-08,4,Extreme Fear,33122.25428506144
2021-07-09,0,Extreme Fear,32188.723825473127
2021-07-10,2,Extreme Fear,33648.08758269826
2021-07-11,9,Extreme Fear,33670.83693621421
2021-07-12,2,Extreme Fear,32725.10820094379
2021-07-13,1,Extreme Fear,31888.56900946949
2021-07-14,0,Extreme Fear,30826.593918103143
2021-07-15,6,Extreme Fear,31756.200914113353
2021-07-16,5,Extreme Fear,33396.883835071116
2021-07-17,5,Extreme Fear,34375.582437946054
2021-07-18,5,Extreme Fear,33301.7475323311
2021-07-19,8,Extreme Fear,34477.343139593104
2021-07-20,8,Extreme Fear,34296.559972942305
2021-07-21,11,Extreme Fear,35994.696598405164
2021-07-22,6,Extreme Fear,33289.64350294462
2021-07-23,5,Extreme Fear,33699.163946521774
2021-07-24,1,Extreme Fear,32083.221478492178
2021-07-25,4,Extreme Fear,31943.12751304791
2021-07-26,6,Extreme Fear,32952.775838552356
2021-07-27,2,Extreme Fear,31662.194178188663
2021-07-28,4,Extreme Fear,31696.713452250067
2021-07-29,8,Extreme Fear,33179.72935878217
2021-07-30,21,Extreme Fear,46584.78301933917
2021-07-31,30,Fear,50114.91396275218
2021-08-01,32,Fear,47413.345947635404
2021-08-02,29,Fear,47894.361687965305
2021-08-03,31,Fear,46889.77039278124
2021-08-04,30,Fear,46972.26657818629
2021-08-05,41,Fear,45056.42694168457
2021-08-06,44,Fear,44721.78846697553
2021-08-07,49,Neutral,44947.17933823405
2021-08-08,45,Neutral,38188.746076035335
2021-08-09,32,Fear,37750.629894450634
2021-08-10,32,Fear,37405.38487766785
2021-08-11,44,Fear,39259.28434466543
2021-08-12,47,Neutral,43151.77732533592
2021-08-13,56,Greed,46331.34603421529
2021-08-14,54,Neutral,48662.463565482976
2021-08-15,57,Greed,48553.072980559984
2021-08-16,61,Greed,49431.63237712283
2021-08-17,64,Greed,48734.260999469094
2021-08-18,56,Greed,50488.294417152516
2021-08-19,52,Neutral,50545.32588781225
2021-08-20,53,Neutral,49480.06243399632
2021-08-21,51,Neutral,48537.584115979036
2021-08-22,54,Neutral,51053.396537343964
2021-08-23,57,Greed,54072.921968354
2021-08-24,60,Greed,52188.3890681408
2021-08-25,55,Neutral,55508.289581459765
2021-08-26,52,Neutral,52836.00616318086
2021-08-27,54,Neutral,50292.865994590284
2021-08-28,58,Greed,54320.90177806436
2021-08-29,60,Greed,57999.93365812258
2021-08-30,51,Neutral,58903.94024723008
2021-08-31,59,Greed,61336.93985646584
2021-09-01,62,Greed,60623.21737090282
2021-09-02,64,Greed,57446.40758603136
2021-09-03,57,Greed,57554.99778073271
2021-09-04,66,Greed,59003.02115991759
2021-09-05,67,Greed,60721.95619350475
2021-09-06,53,Neutral,55612.60903755159
2021-09-07,58,Greed,57851.286655539574
2021-09-08,62,Greed,62027.11776663752
2021-09-09,66,Greed,59319.733163151075
2021-09-10,73,Greed,59847.94550306595
2021-09-11,65,Greed,57371.36243815799
2021-09-12,60,Greed,54344.25629322121
2021-09-13,50,Neutral,56062.28082610191
2021-09-14,52,Neutral,53694.206114865956
2021-09-15,40,Fear,51582.92213448941
2021-09-16,34,Fear,50749.91848832891
2021-09-17,35,Fear,48637.01897300495
2021-09-18,35,Fear,49782.998134574154
2021-09-19,37,Fear,49520.58737975321
2021-09-20,13,Extreme Fear,37266.36955886649
2021-09-21,4,Extreme Fear,38492.62499304456
2021-09-22,0,Extreme Fear,39906.637229875094
2021-09-23,0,Extreme Fear,40123.80499059331
2021-09-24,2,Extreme Fear,40713.67803217772
2021-09-25,5,Extreme Fear,42855.22353110431
2021-09-26,2,Extreme Fear,35579.743848966944
2021-09-27,0,Extreme Fear,34517.21813012098
2021-09-28,0,Extreme Fear,34992.038155717026
2021-09-29,0,Extreme Fear,37053.92758304281
2021-09-30,1,Extreme Fear,36302.800419524974
2021-10-01,0,Extreme Fear,32709.030289072496
2021-10-02,0,Extreme Fear,32169.33114048919
2021-10-03,0,Extreme Fear,33289.25395089768
2021-10-04,2,Extreme Fear,33622.26225448319
2021-10-05,0,Extreme Fear,35511.44445395027
2021-10-06,4,Extreme Fear,47727.608408469394
2021-10-07,13,Extreme Fear,50326.529555191344
2021-10-08,11,Extreme Fear,53071.853659399356
2021-10-09,10,Extreme Fear,51905.79036684109
2021-10-10,18,Extreme Fear,52133.94642420069
2021-10-11,17,Extreme Fear,52436.62384703359
2021-10-12,18,Extreme Fear,53103.03655618736
2021-10-13,17,Extreme Fear,54892.92931586182
2021-10-14,22,Extreme Fear,54224.94995571901
2021-10-15,27,Fear,50373.8549758403
2021-10-16,27,Fear,50653.9028162109
2021-10-17,28,Fear,52017.81843215938
2021-10-18,29,Fear,55331.904812244444
2021-10-19,38,Fear,63387.558845332955
2021-10-20,51,Neutral,62716.52880041818
2021-10-21,56,Greed,63304.9432056356
2021-10-22,57,Greed,57845.68822225026
2021-10-23,55,Neutral,57257.46671851851
2021-10-24,58,Greed,61191.82045128758
2021-10-25,58,Greed,60366.992921040866
2021-10-26,58,Greed,60838.55909815415
2021-10-27,53,Neutral,58130.32187363597
2021-10-28,55,Neutral,55680.4657701979
2021-10-29,50,Neutral,55744.08129271936
2021-10-30,50,Neutral,54818.70681047108
2021-10-31,53,Neutral,54268.26757484435
2021-11-01,54,Neutral,53089.53126211669
2021-11-02,53,Neutral,54745.32632935384
2021-11-03,61,Greed,51890.38508959605
2021-11-04,57,Greed,52170.27321835657
2021-11-05,49,Neutral,50814.32780030579
2021-11-06,40,Fear,49750.45743894141
2021-11-07,35,Fear,50862.303881490436
2021-11-08,38,Fear,54208.28273313739
2021-11-09,30,Fear,50368.89633274488
2021-11-10,29,Fear,48103.28026059252
2021-11-11,28,Fear,50915.439249980634
2021-11-12,27,Fear,51936.43291274209
2021-11-13,22,Extreme Fear,49922.4463615785
2021-11-14,31,Fear,50577.853330217586
2021-11-15,24,Extreme Fear,47534.756395400764
2021-11-16,23,Extreme Fear,45483.53261194616
2021-11-17,25,Fear,47781.293050381835
2021-11-18,17,Extreme Fear,50384.91844541379
2021-11-19,20,Extreme Fear,51483.361397918794
2021-11-20,23,Extreme Fear,54445.26099844163
2021-11-21,28,Fear,57287.943037788085
2021-11-22,32,Fear,56007.03607863609
2021-11-23,33,Fear,56021.964920722334
2021-11-24,34,Fear,56043.01892422268
2021-11-25,25,Fear,54332.393263542726
2021-11-26,22,Extreme Fear,51172.34435350926
2021-11-27,24,Extreme Fear,50406.35963729221
2021-11-28,38,Fear,54017.97831123265
2021-11-29,40,Fear,56765.55284012584
2021-11-30,43,Fear,57646.722034903
2021-12-01,50,Neutral,60019.919770320164
2021-12-02,50,Neutral,59682.323538698496
2021-12-03,44,Fear,56686.35716367901
2021-12-04,40,Fear,55952.00006979745
2021-12-05,46,Neutral,58046.517448296276
2021-12-06,46,Neutral,58731.855176250785
2021-12-07,48,Neutral,57532.89543385744
2021-12-08,38,Fear,57999.591957187025
2021-12-09,52,Neutral,58584.03960604984
2021-12-10,61,Greed,64438.35021297094
2021-12-11,64,Greed,65711.24264360056
2021-12-12,65,Greed,70829.34600464876
2021-12-13,66,Greed,78151.81086701508
2021-12-14,66,Greed,81540.5704818058
2021-12-15,70,Greed,82553.2280422117
2021-12-16,65,Greed,82819.279292053
2021-12-17,71,Greed,78934.25171251838
2021-12-18,70,Greed,76087.48859691537
2021-12-19,73,Greed,81011.10683013708
2021-12-20,72,Greed,78987.04435296974
2021-12-21,68,Greed,79220.90759486075
2021-12-22,67,Greed,82629.05745727563
2021-12-23,64,Greed,83500.7817930879
2021-12-24,68,Greed,81229.1426505718
2021-12-25,70,Greed,78178.8803470588
2021-12-26,69,Greed,78283.91013309424
2021-12-27,76,Extreme Greed,76235.5060242078
2021-12-28,75,Greed,79376.95992750877
2021-12-29,68,Greed,71077.17868678784
2021-12-30,69,Greed,75766.35212641484
2021-12-31,65,Greed,76009.03875681864
2022-01-01,62,Greed,74102.38181807898
2022-01-02,59,Greed,72655.19041168876
2022-01-03,63,Greed,71000.15352174899
2022-01-04,55,Neutral,67869.82435544023
2022-01-05,54,Neutral,66281.60471476203
2022-01-06,55,Neutral,67421.18982748956
2022-01-07,52,Neutral,71005.65549840935
2022-01-08,62,Greed,78003.93869549481
2022-01-09,59,Greed,77954.91791931639
2022-01-10,54,Neutral,76688.35579272978
2022-01-11,45,Neutral,74148.88810729234
2022-01-12,36,Fear,73873.705813426
2022-01-13,27,Fear,74725.14764913345
2022-01-14,20,Extreme Fear,69731.9234922567
2022-01-15,18,Extreme Fear,66774.63657744437
2022-01-16,15,Extreme Fear,66725.7185291308
2022-01-17,22,Extreme Fear,68183.30042898074
2022-01-18,28,Fear,70871.22147790079
2022-01-19,24,Extreme Fear,70411.76723540014
2022-01-20,21,Extreme Fear,68925.24694989208
2022-01-21,27,Fear,71846.25740785882
2022-01-22,21,Extreme Fear,69273.41846472769
2022-01-23,21,Extreme Fear,69394.23015890144
2022-01-24,23,Extreme Fear,68351.47161277919
2022-01-25,22,Extreme Fear,71422.43085662952
2022-01-26,30,Fear,70459.49024232576
2022-01-27,26,Fear,71516.40806695141
2022-01-28,41,Fear,74691.32839725433
2022-01-29,38,Fear,73633.14209319753
2022-01-30,46,Neutral,86516.48383634079
2022-01-31,39,Fear,80916.1950285968
2022-02-01,38,Fear,81430.34066698063
2022-02-02,48,Neutral,74674.6277170538
2022-02-03,36,Fear,70132.89120957386
2022-02-04,34,Fear,70186.58566873393
2022-02-05,39,Fear,68400.92779098381
2022-02-06,32,Fear,67966.36577194087
2022-02-07,24,Extreme Fear,69532.77157629021
2022-02-08,20,Extreme Fear,67547.26196836265
2022-02-09,17,Extreme Fear,66084.68067703876
2022-02-10,20,Extreme Fear,64487.56875344569
2022-02-11,29,Fear,69714.32528009507
2022-02-12,23,Extreme Fear,68826.48177759956
2022-02-13,36,Fear,69543.24203519967
2022-02-14,41,Fear,70375.20275867962
2022-02-15,46,Neutral,76644.39323091725
2022-02-16,47,Neutral,72383.36694577186
2022-02-17,37,Fear,72903.2510091467
2022-02-18,36,Fear,69233.04190288411
2022-02-19,44,Fear,73663.27900453717
2022-02-20,42,Fear,73749.47099309979
2022-02-21,45,Neutral,76355.7999628987
2022-02-22,45,Neutral,76625.21237517214
2022-02-23,45,Neutral,76935.38366382115
2022-02-24,42,Fear,80026.98404090389
2022-02-25,47,Neutral,80937.20242397765
2022-02-26,52,Neutral,82833.83777238752
2022-02-27,45,Neutral,83047.39798841011
2022-02-28,43,Fear,82183.44203014209
2022-03-01,30,Fear,84220.0451420232
2022-03-02,36,Fear,82211.58124112144
2022-03-03,35,Fear,80083.71687092124
2022-03-04,39,Fear,74125.7244802602
2022-03-05,46,Neutral,74915.50250632015
2022-03-06,41,Fear,68944.70789068635
2022-03-07,38,Fear,67746.44196466767
2022-03-08,29,Fear,62286.473195451785
2022-03-09,25,Fear,59828.59226477889
2022-03-10,32,Fear,60282.2834568421
2022-03-11,33,Fear,61051.27085628679
2022-03-12,33,Fear,62079.309915060265
2022-03-13,30,Fear,62736.23755975259
2022-03-14,29,Fear,62432.67079709242
2022-03-15,33,Fear,62665.671987815585
2022-03-16,28,Fear,58405.152384170106
2022-03-17,21,Extreme Fear,57512.42874055195
2022-03-18,20,Extreme Fear,57650.006433287555
2022-03-19,22,Extreme Fear,56381.79335664667
2022-03-20,20,Extreme Fear,56833.65037426423
2022-03-21,20,Extreme Fear,60745.146565213574
2022-03-22,23,Extreme Fear,59886.23689305951
2022-03-23,22,Extreme Fear,59076.832646244635
2022-03-24,11,Extreme Fear,55911.77139396972
2022-03-25,13,Extreme Fear,57291.0179236049
2022-03-26,7,Extreme Fear,55181.15406633572
2022-03-27,12,Extreme Fear,60487.51471601763
2022-03-28,10,Extreme Fear,60307.17747242124
2022-03-29,7,Extreme Fear,54530.94975990253
2022-03-30,14,Extreme Fear,53183.98150128438
2022-03-31,5,Extreme Fear,49077.83883616317
2022-04-01,6,Extreme Fear,52011.478799116965
2022-04-02,9,Extreme Fear,51850.634966881735
2022-04-03,3,Extreme Fear,51127.16849692638
2022-04-04,8,Extreme Fear,49643.47454556589
2022-04-05,14,Extreme Fear,49985.39107448368
2022-04-06,6,Extreme Fear,49722.74104382538
2022-04-07,16,Extreme Fear,50019.18116947354
2022-04-08,18,Extreme Fear,49097.964483399264
2022-04-09,10,Extreme Fear,47036.65288324169
2022-04-10,11,Extreme Fear,49179.0037467098
2022-04-11,20,Extreme Fear,50748.36751698792
2022-04-12,8,Extreme Fear,45901.41659540262
2022-04-13,6,Extreme Fear,45050.80516953435
2022-04-14,5,Extreme Fear,43652.50749986233
2022-04-15,8,Extreme Fear,43117.58087581127
2022-04-16,11,Extreme Fear,44012.273090744544
2022-04-17,15,Extreme Fear,44005.41017951664
2022-04-18,9,Extreme Fear,42253.38655484871
2022-04-19,10,Extreme Fear,41219.04572707844
2022-04-20,8,Extreme Fear,43729.37083613956
2022-04-21,9,Extreme Fear,41399.371961025194
2022-04-22,3,Extreme Fear,39125.0010413299
2022-04-23,4,Extreme Fear,40503.67357100944
2022-04-24,8,Extreme Fear,38616.59151885546
2022-04-25,4,Extreme Fear,39301.994060673314
2022-04-26,8,Extreme Fear,38775.16802883121
2022-04-27,9,Extreme Fear,39756.47519414978
2022-04-28,17,Extreme Fear,42027.1112883838
2022-04-29,18,Extreme Fear,42085.90055944722
2022-04-30,41,Fear,63038.607642328345
2022-05-01,43,Fear,62055.75884101296
2022-05-02,48,Neutral,62900.127200965726
2022-05-03,53,Neutral,62349.96116155612
2022-05-04,54,Neutral,66208.9145840606
2022-05-05,49,Neutral,64043.334063380746
2022-05-06,53,Neutral,69616.22410804435
2022-05-07,54,Neutral,68896.08721116198
2022-05-08,51,Neutral,67164.87017239722
2022-05-09,49,Neutral,70297.28387571324
2022-05-10,48,Neutral,67212.38896897776
2022-05-11,53,Neutral,68830.92729519962
2022-05-12,62,Greed,66513.85508488928
2022-05-13,59,Greed,90909.37060339849
2022-05-14,53,Neutral,92796.22745559602
2022-05-15,52,Neutral,96498.74910806057
2022-05-16,53,Neutral,98583.141392867
2022-05-17,47,Neutral,102288.38658955166
2022-05-18,49,Neutral,104335.41569453968
2022-05-19,57,Greed,100107.4675263642
2022-05-20,51,Neutral,92497.55562366734
2022-05-21,56,Greed,89320.65424701222
2022-05-22,49,Neutral,92995.55027314942
2022-05-23,50,Neutral,82246.65519531645
2022-05-24,57,Greed,79467.66612624301
2022-05-25,53,Neutral,83735.05335127519
2022-05-26,52,Neutral,82161.6062270887
2022-05-27,60,Greed,81919.90797126772
2022-05-28,53,Neutral,84892.45488252564
2022-05-29,54,Neutral,90734.87239863428
2022-05-30,53,Neutral,88579.72863062828
2022-05-31,53,Neutral,98432.65864470195
2022-06-01,53,Neutral,96604.17360437958
2022-06-02,54,Neutral,97013.76483523977
2022-06-03,58,Greed,103029.58034350758
2022-06-04,59,Greed,100703.99747108038
2022-06-05,54,Neutral,97161.72564294579
2022-06-06,44,Fear,88225.31688085345
2022-06-07,50,Neutral,94750.0339260665
2022-06-08,56,Greed,116778.54647989843
2022-06-09,54,Neutral,112165.90686025874
2022-06-10,53,Neutral,117139.45709263606
2022-06-11,55,Neutral,114196.33520879835
2022-06-12,53,Neutral,114482.9026317137
2022-06-13,62,Greed,118790.2391378472
2022-06-14,54,Neutral,108542.81051608655
2022-06-15,43,Fear,106931.65843551495
2022-06-16,33,Fear,103015.00736018423
2022-06-17,30,Fear,102729.89909658032
2022-06-18,34,Fear,101822.28724621779
2022-06-19,35,Fear,98449.5862966114
2022-06-20,42,Fear,97508.51328642189
2022-06-21,42,Fear,104083.53347718707
2022-06-22,53,Neutral,107361.71581942694
2022-06-23,55,Neutral,96625.78993550099
2022-06-24,47,Neutral,98741.08549950104
2022-06-25,56,Greed,107297.69852941287
2022-06-26,55,Neutral,119499.59083518838
2022-06-27,51,Neutral,123765.41603122861
2022-06-28,57,Greed,126559.38096696188
2022-06-29,56,Greed,127013.88765460574
2022-06-30,58,Greed,132121.09430711978
2022-07-01,60,Greed,132780.50756114817
2022-07-02,57,Greed,131722.31919516774
2022-07-03,57,Greed,134358.14376498738
2022-07-04,61,Greed,135867.9799183462
2022-07-05,65,Greed,136699.7712543478
2022-07-06,71,Greed,137493.0569098162
2022-07-07,64,Greed,138759.9067174377
2022-07-08,60,Greed,141694.2224409717
2022-07-09,58,Greed,150029.08852393832
2022-07-10,59,Greed,147109.67696425898
2022-07-11,57,Greed,138959.80468393644
2022-07-12,62,Greed,141649.71646182225
2022-07-13,64,Greed,139135.20998099627
2022-07-14,69,Greed,147059.19220988572
2022-07-15,61,Greed,146381.0430197564
2022-07-16,64,Greed,146048.9839155854
2022-07-17,60,Greed,137392.08409759536
2022-07-18,54,Neutral,123096.20216871236
2022-07-19,54,Neutral,115809.96812888014
2022-07-20,55,Neutral,116001.1481390288
2022-07-21,53,Neutral,116068.95394935858
2022-07-22,36,Fear,109446.91755476141
2022-07-23,41,Fear,105883.77662532999
2022-07-24,44,Fear,107679.26508782987
2022-07-25,41,Fear,107458.56890966422
2022-07-26,36,Fear,113510.47244114854
2022-07-27,34,Fear,111640.11463222386
2022-07-28,30,Fear,117675.6705044309
2022-07-29,28,Fear,118334.09868336166
2022-07-30,27,Fear,117415.4489033687
2022-07-31,23,Extreme Fear,110404.75839007834
2022-08-01,25,Fear,112833.0570344307
2022-08-02,25,Fear,115962.7023323776
2022-08-03,25,Fear,113341.63408638636
2022-08-04,18,Extreme Fear,110938.45736855207
2022-08-05,18,Extreme Fear,111217.86974936037
2022-08-06,21,Extreme Fear,107192.63085057307
2022-08-07,21,Extreme Fear,97715.42779299074
2022-08-08,12,Extreme Fear,102112.47052826722
2022-08-09,11,Extreme Fear,108821.99832513036
2022-08-10,18,Extreme Fear,115526.81014127277
2022-08-11,15,Extreme Fear,117519.83825043708
2022-08-12,16,Extreme Fear,115392.41366007701
2022-08-13,15,Extreme Fear,112088.6498196761
2022-08-14,10,Extreme Fear,112171.53568464277
2022-08-15,17,Extreme Fear,115777.75246417309
2022-08-16,23,Extreme Fear,117127.0015044383
2022-08-17,22,Extreme Fear,108550.02916397246
2022-08-18,26,Fear,105593.66373766998
2022-08-19,28,Fear,105806.70353163301
2022-08-20,27,Fear,97771.563366113
2022-08-21,26,Fear,97461.55250271755
2022-08-22,27,Fear,95460.46116258347
2022-08-23,24,Extreme Fear,95702.20066208158
2022-08-24,28,Fear,94323.0325153997
2022-08-25,24,Extreme Fear,93000.79240511403
2022-08-26,20,Extreme Fear,90275.36624932702
2022-08-27,14,Extreme Fear,88137.97787605827
2022-08-28,15,Extreme Fear,86994.36033344617
2022-08-29,16,Extreme Fear,84920.44831626063
2022-08-30,17,Extreme Fear,85196.2436627403
2022-08-31,18,Extreme Fear,82648.24360072815
2022-09-01,9,Extreme Fear,77008.11591058913
2022-09-02,9,Extreme Fear,70583.14543200364
2022-09-03,11,Extreme Fear,68270.24275706137
2022-09-04,8,Extreme Fear,64977.450182310844
2022-09-05,8,Extreme Fear,65340.806273502334
2022-09-06,10,Extreme Fear,65862.63016676341
2022-09-07,5,Extreme Fear,60569.79878865541
2022-09-08,15,Extreme Fear,60210.20698146706
2022-09-09,20,Extreme Fear,55489.71084834066
2022-09-10,18,Extreme Fear,55235.171875146065
2022-09-11,9,Extreme Fear,57502.31367513349
2022-09-12,10,Extreme Fear,56038.26966657108
2022-09-13,9,Extreme Fear,51240.64547829285
2022-09-14,12,Extreme Fear,50046.56448762456
2022-09-15,11,Extreme Fear,49936.8906575214
2022-09-16,13,Extreme Fear,48345.735856289255
2022-09-17,10,Extreme Fear,47271.80388885632
2022-09-18,12,Extreme Fear,47199.51287388425
2022-09-19,4,Extreme Fear,51738.565349694756
2022-09-20,1,Extreme Fear,54629.98307597638
2022-09-21,5,Extreme Fear,58643.11589831432
2022-09-22,2,Extreme Fear,60931.23204495644
2022-09-23,6,Extreme Fear,58982.38546398392
2022-09-24,11,Extreme Fear,58125.2281088886
2022-09-25,4,Extreme Fear,58038.17067353121
2022-09-26,5,Extreme Fear,59540.274340652715
2022-09-27,0,Extreme Fear,60297.12167961605
2022-09-28,3,Extreme Fear,58001.47794336669
2022-09-29,7,Extreme Fear,56598.67489824292
2022-09-30,10,Extreme Fear,57787.28304169639
2022-10-01,12,Extreme Fear,59423.34364300308
2022-10-02,16,Extreme Fear,58987.56261776264
2022-10-03,17,Extreme Fear,59252.61683145392
2022-10-04,27,Fear,61559.17545989565
2022-10-05,27,Fear,63062.00769776574
2022-10-06,24,Extreme Fear,64113.11838249933
2022-10-07,52,Neutral,69331.27512243557
2022-10-08,46,Neutral,71870.40116821123
2022-10-09,60,Greed,72595.70760596375
2022-10-10,64,Greed,69876.53553785589
2022-10-11,61,Greed,68933.41460155304
2022-10-12,68,Greed,71962.71608119708
2022-10-13,74,Greed,71226.9899625072
2022-10-14,72,Greed,71905.83143301445
2022-10-15,71,Greed,67980.48569632097
2022-10-16,69,Greed,64353.29312643975
2022-10-17,67,Greed,68424.17945938389
2022-10-18,70,Greed,69885.49229554716
2022-10-19,74,Greed,68568.7423334035
2022-10-20,69,Greed,70507.69371889354
2022-10-21,57,Greed,70098.6709906421
2022-10-22,57,Greed,72058.74098002812
2022-10-23,53,Neutral,65948.37060561465
2022-10-24,52,Neutral,68867.5716244389
2022-10-25,57,Greed,69726.94312014873
2022-10-26,55,Neutral,69379.56836814078
2022-10-27,48,Neutral,66683.13027781068
2022-10-28,50,Neutral,64325.37834565328
2022-10-29,51,Neutral,64387.37791769726
2022-10-30,49,Neutral,62153.29039194636
2022-10-31,46,Neutral,62260.89578099315
2022-11-01,49,Neutral,63913.483579222215
2022-11-02,49,Neutral,66270.37466877219
2022-11-03,47,Neutral,67460.09416026098
2022-11-04,41,Fear,63992.32072467495
2022-11-05,39,Fear,62264.34682054951
2022-11-06,37,Fear,63214.31888830764
2022-11-07,32,Fear,65793.90038824479
2022-11-08,30,Fear,69704.1279509595
2022-11-09,42,Fear,71608.69643177428
2022-11-10,38,Fear,68329.11817714378
2022-11-11,35,Fear,71203.16068832294
2022-11-12,35,Fear,71657.06615473694
2022-11-13,41,Fear,71577.10416452136
2022-11-14,46,Neutral,76708.9537633841
2022-11-15,55,Neutral,74136.31732933503
2022-11-16,53,Neutral,74611.73733210615
2022-11-17,49,Neutral,70589.27259424469
2022-11-18,47,Neutral,74437.37618160096
2022-11-19,45,Neutral,73834.0480030643
2022-11-20,43,Fear,75283.42658457498
2022-11-21,45,Neutral,75731.45460569303
2022-11-22,47,Neutral,72709.45742407277
2022-11-23,47,Neutral,68820.39383307353
2022-11-24,42,Fear,67941.0936544289
2022-11-25,17,Extreme Fear,49893.364654816294
2022-11-26,7,Extreme Fear,46581.23783621757
2022-11-27,15,Extreme Fear,51449.2753458709
2022-11-28,24,Extreme Fear,67195.29777905603
2022-11-29,30,Fear,67160.4380135174
2022-11-30,27,Fear,63190.818001438856
2022-12-01,21,Extreme Fear,65147.88789930489
2022-12-02,18,Extreme Fear,62705.52507864026
2022-12-03,20,Extreme Fear,63148.226066343384
2022-12-04,29,Fear,65881.37557067398
2022-12-05,26,Fear,67226.15500881318
2022-12-06,28,Fear,68565.20301460147
2022-12-07,32,Fear,70804.90963525372
2022-12-08,23,Extreme Fear,71837.8583355118
2022-12-09,27,Fear,68898.12594644328
2022-12-10,26,Fear,69284.89882666394
2022-12-11,19,Extreme Fear,67228.19267249998
2022-12-12,13,Extreme Fear,69650.47339529077
2022-12-13,15,Extreme Fear,70160.54170038567
2022-12-14,10,Extreme Fear,67799.41855601515
2022-12-15,11,Extreme Fear,69329.51122696656
2022-12-16,11,Extreme Fear,66210.44579964029
2022-12-17,22,Extreme Fear,67820.05359102302
2022-12-18,20,Extreme Fear,71818.16015517025
2022-12-19,19,Extreme Fear,67605.42738021692
2022-12-20,14,Extreme Fear,66121.02438454215
2022-12-21,12,Extreme Fear,67143.28545266693
2022-12-22,9,Extreme Fear,68319.84706309826
2022-12-23,21,Extreme Fear,72405.697760707
2022-12-24,32,Fear,73552.94289501742
2022-12-25,53,Neutral,74186.9993937354
2022-12-26,61,Greed,78027.10901309692
2022-12-27,60,Greed,77722.38490525869
2022-12-28,58,Greed,73639.84334719244
2022-12-29,53,Neutral,77832.10838911921
2022-12-30,63,Greed,76245.56387344297
2022-12-31,53,Neutral,77266.65445902375
2023-01-01,64,Greed,83969.27905356645
2023-01-02,68,Greed,80438.56014987626
2023-01-03,69,Greed,88204.73683170893
2023-01-04,62,Greed,87546.50393459697
2023-01-05,68,Greed,90395.26482274164
2023-01-06,65,Greed,94527.28860317337
2023-01-07,65,Greed,96293.73898532818
2023-01-08,65,Greed,95243.18401283813
2023-01-09,62,Greed,96592.93920341927
2023-01-10,70,Greed,97632.08655289306
2023-01-11,68,Greed,133185.57399669712
2023-01-12,60,Greed,129988.61217401987
2023-01-13,56,Greed,133487.8413672232
2023-01-14,59,Greed,131209.89766489776
2023-01-15,60,Greed,125199.63977018042
2023-01-16,55,Neutral,126186.44633464623
2023-01-17,48,Neutral,131338.1356890576
2023-01-18,54,Neutral,130239.29820121094
2023-01-19,59,Greed,125410.54095190206
2023-01-20,61,Greed,130624.27241556738
2023-01-21,59,Greed,146948.251512208
2023-01-22,55,Neutral,155861.30258820768
2023-01-23,60,Greed,155349.25957419688
2023-01-24,61,Greed,145800.7580912639
2023-01-25,55,Neutral,146850.40030528794
2023-01-26,50,Neutral,152107.0414962613
2023-01-27,50,Neutral,147485.63943342984
2023-01-28,50,Neutral,141223.9258343168
2023-01-29,52,Neutral,143830.32715918904
2023-01-30,49,Neutral,145841.61443058893
2023-01-31,55,Neutral,141525.71605720092
2023-02-01,53,Neutral,137576.12777557055
2023-02-02,52,Neutral,128566.89147159818
2023-02-03,55,Neutral,129690.81577807872
2023-02-04,54,Neutral,151783.95802655932
2023-02-05,51,Neutral,145026.93885789826
2023-02-06,52,Neutral,151785.6663967211
2023-02-07,51,Neutral,167536.49900387917
2023-02-08,53,Neutral,175102.96295263807
2023-02-09,58,Greed,170554.93330714136
2023-02-10,58,Greed,178412.03901598745
2023-02-11,58,Greed,168364.42992570647
2023-02-12,57,Greed,169411.6511585058
2023-02-13,63,Greed,180229.4040229524
2023-02-14,56,Greed,179298.2905460654
2023-02-15,59,Greed,178057.68695672194
2023-02-16,66,Greed,169351.597599303
2023-02-17,65,Greed,166481.37183385994
2023-02-18,61,Greed,168448.0376737328
2023-02-19,61,Greed,169924.5245623956
2023-02-20,61,Greed,173407.52869436564
2023-02-21,50,Neutral,184735.87397991787
2023-02-22,58,Greed,196783.9564679696
2023-02-23,60,Greed,203250.68424962068
2023-02-24,63,Greed,202654.4513286272
2023-02-25,61,Greed,197763.11485627035
2023-02-26,60,Greed,208860.35929565484
2023-02-27,61,Greed,218222.27938192568
2023-02-28,64,Greed,208336.30221769973
2023-03-01,72,Greed,211633.37488407653
2023-03-02,69,Greed,202953.3377436388
2023-03-03,70,Greed,199521.83015687225
2023-03-04,67,Greed,206218.38464656353
2023-03-05,65,Greed,213529.23352924324
2023-03-06,65,Greed,197190.19959771863
2023-03-07,67,Greed,194267.55969661303
2023-03-08,73,Greed,201648.9313634943
2023-03-09,62,Greed,197959.42022574457
2023-03-10,58,Greed,196990.11419157183
2023-03-11,47,Neutral,187768.12710081539
2023-03-12,45,Neutral,190322.5609607194
2023-03-13,52,Neutral,198116.10492534091
2023-03-14,50,Neutral,190942.36640050384
2023-03-15,46,Neutral,186408.84340088276
2023-03-16,46,Neutral,188692.6949321433
2023-03-17,45,Neutral,184746.86751258548
2023-03-18,47,Neutral,187471.650091381
2023-03-19,50,Neutral,196130.35133665567
2023-03-20,56,Greed,196361.92412673644
2023-03-21,50,Neutral,191238.90867360367
2023-03-22,53,Neutral,202417.34190740777
2023-03-23,36,Fear,195792.50662693448
2023-03-24,34,Fear,200613.56678126522
2023-03-25,42,Fear,207723.57634741612
2023-03-26,38,Fear,205406.61873747825
2023-03-27,41,Fear,192187.86405794177
2023-03-28,34,Fear,200447.5519528003
2023-03-29,19,Extreme Fear,172592.1784339614
2023-03-30,21,Extreme Fear,176373.7488995496
2023-03-31,28,Fear,189347.27354002927
2023-04-01,30,Fear,187646.14707401517
2023-04-02,29,Fear,186678.6039144616
2023-04-03,26,Fear,192119.4284933297
2023-04-04,30,Fear,189090.3546865465
2023-04-05,31,Fear,187915.7668500282
2023-04-06,27,Fear,182305.06064627034
2023-04-07,25,Fear,179649.67942702997
2023-04-08,27,Fear,177411.61558497103
2023-04-09,33,Fear,174548.57476018142
2023-04-10,36,Fear,186590.4291074484
2023-04-11,42,Fear,201083.9986109131
2023-04-12,37,Fear,196870.8785006247
2023-04-13,31,Fear,186187.29014645398
2023-04-14,36,Fear,175828.84832379242
2023-04-15,28,Fear,170276.08939917476
2023-04-16,25,Fear,176014.01674454505
2023-04-17,14,Extreme Fear,134894.89313503806
2023-04-18,7,Extreme Fear,140336.3953074577
2023-04-19,4,Extreme Fear,134048.33073478463
2023-04-20,0,Extreme Fear,138479.2181168069
2023-04-21,4,Extreme Fear,143783.3030822387
2023-04-22,6,Extreme Fear,151398.12900379722
2023-04-23,7,Extreme Fear,149808.4654713154
2023-04-24,7,Extreme Fear,144779.0073137613
2023-04-25,1,Extreme Fear,136544.3060817377
2023-04-26,2,Extreme Fear,139953.2750596099
2023-04-27,4,Extreme Fear,148747.94703459446
2023-04-28,14,Extreme Fear,146764.90599371213
2023-04-29,18,Extreme Fear,154898.13741282714
2023-04-30,12,Extreme Fear,158416.73302530102
2023-05-01,19,Extreme Fear,162505.06482827073
2023-05-02,15,Extreme Fear,159291.57879024342
2023-05-03,18,Extreme Fear,167776.28203461945
2023-05-04,20,Extreme Fear,169207.5299896745
2023-05-05,28,Fear,172010.18251196586
2023-05-06,35,Fear,186038.59150115593
2023-05-07,37,Fear,180380.45446758874
2023-05-08,32,Fear,178444.31656294092
2023-05-09,36,Fear,179888.57801759377
2023-05-10,26,Fear,181374.14966762374
2023-05-11,21,Extreme Fear,180054.31510132103
2023-05-12,23,Extreme Fear,183259.37176118174
2023-05-13,34,Fear,195160.0285325124
2023-05-14,39,Fear,196187.82133153602
2023-05-15,45,Neutral,189033.9346424852
2023-05-16,42,Fear,194433.40836463313
2023-05-17,57,Greed,196596.61375233336
2023-05-18,64,Greed,195367.8649903061
2023-05-19,67,Greed,206826.4507197
2023-05-20,72,Greed,193376.86080110274
2023-05-21,62,Greed,175760.9128300579
2023-05-22,52,Neutral,162602.8499987809
2023-05-23,40,Fear,165282.36927564544
2023-05-24,47,Neutral,161823.05367408975
2023-05-25,51,Neutral,162562.30547435067
2023-05-26,56,Greed,176253.57613088857
2023-05-27,65,Greed,190223.814282287
2023-05-28,65,Greed,191302.56912931157
2023-05-29,57,Greed,188929.2244642946
2023-05-30,52,Neutral,185013.47742990748
2023-05-31,58,Greed,197237.5860234263
2023-06-01,58,Greed,213476.9368948492
2023-06-02,57,Greed,223083.451641577
2023-06-03,57,Greed,226104.44245917085
2023-06-04,66,Greed,226194.25649008914
2023-06-05,63,Greed,231665.1851007983
2023-06-06,66,Greed,234414.55095447632
2023-06-07,60,Greed,231860.42062328555
2023-06-08,65,Greed,230374.78757255414
2023-06-09,58,Greed,228956.75649700713
2023-06-10,62,Greed,237136.6306434697
2023-06-11,60,Greed,231070.92421234585
2023-06-12,49,Neutral,223386.37778606813
2023-06-13,53,Neutral,252961.67559973232
2023-06-14,65,Greed,257301.5225380666
2023-06-15,66,Greed,264912.3789813449
2023-06-16,68,Greed,273275.0337201989
2023-06-17,66,Greed,283336.46982013417
2023-06-18,71,Greed,278172.1614017869
2023-06-19,74,Greed,273390.5699389865
2023-06-20,69,Greed,278390.96537271386
2023-06-21,69,Greed,272128.0342618219
2023-06-22,66,Greed,285055.8166347503
2023-06-23,65,Greed,279084.7550680977
2023-06-24,65,Greed,260414.0531372066
2023-06-25,69,Greed,262110.7417011013
2023-06-26,69,Greed,251770.2703088049
2023-06-27,66,Greed,238018.2618227248
2023-06-28,64,Greed,272171.38226837676
2023-06-29,59,Greed,265024.0587224122
2023-06-30,65,Greed,265861.3995128326
2023-07-01,64,Greed,277020.1321013688
2023-07-02,55,Neutral,262091.31475459924
2023-07-03,53,Neutral,269746.95415776933
2023-07-04,55,Neutral,267689.10735754686
2023-07-05,52,Neutral,258581.54245956097
2023-07-06,40,Fear,246068.89919190624
2023-07-07,39,Fear,243045.25416086675
2023-07-08,40,Fear,239025.8958235474
2023-07-09,38,Fear,247640.2761869967
2023-07-10,37,Fear,248905.83172983865
2023-07-11,42,Fear,253191.58573141674
2023-07-12,50,Neutral,261421.404707387
2023-07-13,48,Neutral,280762.79735564615
2023-07-14,47,Neutral,278266.17756597465
2023-07-15,47,Neutral,285602.9791180059
2023-07-16,45,Neutral,292595.8459960648
2023-07-17,48,Neutral,287075.11783830565
2023-07-18,40,Fear,285903.76127551566
2023-07-19,38,Fear,269392.2296986218
2023-07-20,38,Fear,289544.95790176693
2023-07-21,42,Fear,265827.222476111
2023-07-22,40,Fear,282102.8822397632
2023-07-23,37,Fear,282109.58863194945
2023-07-24,43,Fear,289564.1503823765
2023-07-25,44,Fear,279830.4450345901
2023-07-26,43,Fear,269185.43482936494
2023-07-27,45,Neutral,269864.3401607501
2023-07-28,42,Fear,261892.0208513227
2023-07-29,37,Fear,263648.1578778694
2023-07-30,31,Fear,258168.32847549205
2023-07-31,26,Fear,247062.26419324038
2023-08-01,29,Fear,257520.03171182578
2023-08-02,25,Fear,264043.37592894747
2023-08-03,30,Fear,260607.33215423962
2023-08-04,35,Fear,254578.1905000276
2023-08-05,41,Fear,269887.6380399554
2023-08-06,55,Neutral,293819.2237764537
2023-08-07,53,Neutral,277665.5079704244
2023-08-08,50,Neutral,271371.49291168
2023-08-09,47,Neutral,266308.49978284794
2023-08-10,39,Fear,252967.2488858669
2023-08-11,25,Fear,242757.36613496824
2023-08-12,29,Fear,267421.9828313926
2023-08-13,28,Fear,252941.4830010599
2023-08-14,29,Fear,249491.91305048057
2023-08-15,31,Fear,268617.5476375985
2023-08-16,31,Fear,269167.9431111641
2023-08-17,32,Fear,267777.0945701363
2023-08-18,39,Fear,267737.32137690776
2023-08-19,23,Extreme Fear,248885.0376642835
2023-08-20,29,Fear,249444.77820393845
2023-08-21,20,Extreme Fear,237331.41257978595
2023-08-22,15,Extreme Fear,236295.3781708738
2023-08-23,11,Extreme Fear,231447.39778341542
2023-08-24,15,Extreme Fear,252861.1728036604
2023-08-25,30,Fear,254225.27333949588
2023-08-26,31,Fear,272660.2961749763
2023-08-27,27,Fear,269669.6108712774
2023-08-28,37,Fear,265460.695255255
2023-08-29,47,Neutral,278592.01571297325
2023-08-30,50,Neutral,284016.37528391974
2023-08-31,42,Fear,272986.1969687239
2023-09-01,37,Fear,282822.99520568654
2023-09-02,43,Fear,282285.947387582
2023-09-03,45,Neutral,284512.89763043466
2023-09-04,48,Neutral,289717.8044096706
2023-09-05,39,Fear,286707.1943418806
2023-09-06,47,Neutral,313492.659208807
2023-09-07,56,Greed,338921.19896472135
2023-09-08,62,Greed,349571.1766942257
2023-09-09,63,Greed,344384.0076738796
2023-09-10,60,Greed,344951.42579382815
2023-09-11,63,Greed,328405.76947502187
2023-09-12,64,Greed,330595.05761000025
2023-09-13,67,Greed,335374.2333010698
2023-09-14,58,Greed,289782.40312749177
2023-09-15,41,Fear,270992.4289337971
2023-09-16,28,Fear,254667.86343414636
2023-09-17,28,Fear,233560.20391915645
2023-09-18,28,Fear,231725.1102642295
2023-09-19,27,Fear,230208.76444851642
2023-09-20,25,Fear,214534.86428223376
2023-09-21,24,Extreme Fear,210246.58300908207
2023-09-22,21,Extreme Fear,209693.894236805
2023-09-23,11,Extreme Fear,192909.99107708296
2023-09-24,6,Extreme Fear,183458.58148620784
2023-09-25,9,Extreme Fear,178504.02536949876
2023-09-26,3,Extreme Fear,158446.85530536147
2023-09-27,8,Extreme Fear,161133.34956757067
2023-09-28,0,Extreme Fear,154570.4089551638
2023-09-29,0,Extreme Fear,141084.78685844466
2023-09-30,6,Extreme Fear,138727.5477760126
2023-10-01,3,Extreme Fear,144425.72776728685
2023-10-02,0,Extreme Fear,142209.01927558845
2023-10-03,1,Extreme Fear,142427.25325826573
2023-10-04,6,Extreme Fear,143065.8024937134
2023-10-05,5,Extreme Fear,149941.480383176
2023-10-06,1,Extreme Fear,146776.6215473802
2023-10-07,3,Extreme Fear,152554.31414593433
2023-10-08,6,Extreme Fear,162335.9125672344
2023-10-09,5,Extreme Fear,155987.70175154452
2023-10-10,0,Extreme Fear,149832.6673906974
2023-10-11,8,Extreme Fear,144387.60698888902
2023-10-12,0,Extreme Fear,159820.97748972295
2023-10-13,4,Extreme Fear,155887.03477545045
2023-10-14,0,Extreme Fear,167894.02037725574
2023-10-15,2,Extreme Fear,166217.7702376457
2023-10-16,4,Extreme Fear,168917.27961164384
2023-10-17,6,Extreme Fear,165156.57360505543
2023-10-18,12,Extreme Fear,171796.25603645612
2023-10-19,11,Extreme Fear,168673.62926552628
2023-10-20,7,Extreme Fear,163877.59783922182
2023-10-21,15,Extreme Fear,175064.84265341162
2023-10-22,19,Extreme Fear,176813.2943072473
2023-10-23,28,Fear,182497.86644872534
2023-10-24,37,Fear,188998.19273679913
2023-10-25,34,Fear,192184.16765450098
2023-10-26,57,Greed,198509.00818422588
2023-10-27,60,Greed,207255.44220254087
2023-10-28,70,Greed,215090.5661089778
2023-10-29,64,Greed,220780.6599894127
2023-10-30,60,Greed,237244.2101543037
2023-10-31,68,Greed,241738.44802572246
2023-11-01,65,Greed,224990.24348621766
2023-11-02,60,Greed,236875.99275135022
2023-11-03,72,Greed,237869.24577034227
2023-11-04,71,Greed,229090.62694048078
2023-11-05,61,Greed,235046.45770054098
2023-11-06,61,Greed,241657.51179271075
2023-11-07,63,Greed,243760.7008921114
2023-11-08,68,Greed,242913.76756488814
2023-11-09,62,Greed,243679.20302877054
2023-11-10,61,Greed,250496.286886369
2023-11-11,62,Greed,270346.3007273266
2023-11-12,69,Greed,256933.81068611087
2023-11-13,72,Greed,244753.2255495478
2023-11-14,68,Greed,267436.7929879453
2023-11-15,67,Greed,259635.36939937275
2023-11-16,62,Greed,252464.50228246572
2023-11-17,67,Greed,258042.98555256048
2023-11-18,74,Greed,260437.09740063836
2023-11-19,71,Greed,263482.98868646263
2023-11-20,71,Greed,265350.9478661845
2023-11-21,63,Greed,282100.7497599187
2023-11-22,66,Greed,288034.0106347773
2023-11-23,65,Greed,296210.4875802146
2023-11-24,70,Greed,283210.15044494864
2023-11-25,69,Greed,283337.043517175
2023-11-26,69,Greed,271978.80558857974
2023-11-27,67,Greed,277363.188140376
2023-11-28,64,Greed,285174.54445184796
2023-11-29,65,Greed,298768.08133156283
2023-11-30,62,Greed,302310.5869812663
2023-12-01,70,Greed,298281.61670701124
2023-12-02,45,Neutral,221350.07233422456
2023-12-03,25,Fear,206475.9940163666
2023-12-04,20,Extreme Fear,202976.65379287585
2023-12-05,22,Extreme Fear,192421.49704434237
2023-12-06,21,Extreme Fear,197357.39096702475
2023-12-07,16,Extreme Fear,196781.66177752856
2023-12-08,19,Extreme Fear,193589.4626878731
2023-12-09,15,Extreme Fear,204610.7948524003
2023-12-10,12,Extreme Fear,206298.18973810275
2023-12-11,9,Extreme Fear,206337.7187490997
2023-12-12,18,Extreme Fear,232764.75321993724
2023-12-13,21,Extreme Fear,255859.6072936759
2023-12-14,23,Extreme Fear,250419.47061335077
2023-12-15,29,Fear,250171.3572513949
2023-12-16,36,Fear,262313.44170174643
2023-12-17,36,Fear,265847.0461394895
2023-12-18,33,Fear,262436.912486508
2023-12-19,32,Fear,258688.31679578748
2023-12-20,29,Fear,268112.8718910175
2023-12-21,28,Fear,278890.0772469915
2023-12-22,25,Fear,284379.7853812938
2023-12-23,25,Fear,289261.0738637243
2023-12-24,27,Fear,289662.85067322804
2023-12-25,31,Fear,277651.97372313705
2023-12-26,33,Fear,267950.1959742182
2023-12-27,27,Fear,267846.79684448324
2023-12-28,30,Fear,278331.6389173016
2023-12-29,20,Extreme Fear,280031.28960224026
2023-12-30,22,Extreme Fear,264982.33327564434
2023-12-31,17,Extreme Fear,257198.41462384834
2024-01-01,40,Fear,248420.723489061
2024-01-02,48,Neutral,239595.084884702
2024-01-03,48,Neutral,227630.97982837397
2024-01-04,58,Greed,246327.34480886604
2024-01-05,58,Greed,233559.3444061809
2024-01-06,60,Greed,237433.2832338178
2024-01-07,55,Neutral,239120.2217792417
2024-01-08,51,Neutral,226769.45688179598
2024-01-09,42,Fear,220803.5747730546
2024-01-10,45,Neutral,221213.4705013941
2024-01-11,40,Fear,224978.3432286657
2024-01-12,36,Fear,227794.32439830154
2024-01-13,35,Fear,231652.87924332006
2024-01-14,28,Fear,225643.7173954102
2024-01-15,27,Fear,231817.55725922517
2024-01-16,28,Fear,243185.29734574351
2024-01-17,30,Fear,243673.18415559028
2024-01-18,38,Fear,245625.42607802895
2024-01-19,30,Fear,259140.02701638674
2024-01-20,32,Fear,256509.3577725813
2024-01-21,30,Fear,263103.72344151285
2024-01-22,34,Fear,282294.4651194983
2024-01-23,32,Fear,266467.44829176186
2024-01-24,38,Fear,268311.1356497695
2024-01-25,46,Neutral,266378.1442242718
2024-01-26,45,Neutral,267529.8323789209
2024-01-27,43,Fear,268743.3914291653
2024-01-28,39,Fear,271427.5012636033
2024-01-29,34,Fear,263269.88406104845
2024-01-30,47,Neutral,275198.8496041722
2024-01-31,49,Neutral,260094.7667961602
2024-02-01,48,Neutral,266365.484774029
2024-02-02,45,Neutral,252834.0073547643
2024-02-03,44,Fear,284432.09480583284
2024-02-04,51,Neutral,276065.38225669414
2024-02-05,47,Neutral,261766.51166930867
2024-02-06,41,Fear,246611.22052190543
2024-02-07,46,Neutral,255774.03563527777
2024-02-08,58,Greed,267522.0770647469
2024-02-09,53,Neutral,257290.35869353524
2024-02-10,47,Neutral,263431.42510539136
2024-02-11,49,Neutral,262729.11305088113
2024-02-12,48,Neutral,271811.12376685586
2024-02-13,54,Neutral,266324.1269073479
2024-02-14,49,Neutral,256731.9612511111
2024-02-15,53,Neutral,282370.7507534554
2024-02-16,44,Fear,266240.4654513809
2024-02-17,41,Fear,272423.6522248864
2024-02-18,42,Fear,264532.95741639775
2024-02-19,38,Fear,258393.31865670742
2024-02-20,35,Fear,250127.02699645387
2024-02-21,29,Fear,241807.28442775612
2024-02-22,30,Fear,235907.9770161795
2024-02-23,15,Extreme Fear,226736.82766887738
2024-02-24,19,Extreme Fear,221992.54199512035
2024-02-25,19,Extreme Fear,207999.96415270006
2024-02-26,17,Extreme Fear,200251.2719228832
2024-02-27,9,Extreme Fear,196893.70861544495
2024-02-28,10,Extreme Fear,185981.26095311614
2024-02-29,8,Extreme Fear,185394.8719245068
2024-03-01,8,Extreme Fear,192069.97555851366
2024-03-02,13,Extreme Fear,203083.934005873
2024-03-03,21,Extreme Fear,201707.47749282586
2024-03-04,7,Extreme Fear,196176.61289195475
2024-03-05,26,Fear,211133.78735625002
2024-03-06,24,Extreme Fear,222986.6296166665
2024-03-07,19,Extreme Fear,207469.26632912864
2024-03-08,21,Extreme Fear,215193.14230687887
2024-03-09,23,Extreme Fear,220572.5154316721
2024-03-10,22,Extreme Fear,228300.95920411553
2024-03-11,17,Extreme Fear,226486.69335219724
2024-03-12,22,Extreme Fear,217755.31070512653
2024-03-13,10,Extreme Fear,188416.41393865095
2024-03-14,4,Extreme Fear,182308.45472924848
2024-03-15,10,Extreme Fear,224499.09860999856
2024-03-16,9,Extreme Fear,234252.72153306057
2024-03-17,14,Extreme Fear,223263.9397641593
2024-03-18,18,Extreme Fear,249673.67731851747
2024-03-19,20,Extreme Fear,255320.3469788913
2024-03-20,24,Extreme Fear,273850.8687280623
2024-03-21,32,Fear,272234.4506300382
2024-03-22,43,Fear,290117.52923663944
2024-03-23,48,Neutral,284567.69963732414
2024-03-24,44,Fear,265861.3460861177
2024-03-25,48,Neutral,261063.21798992628
2024-03-26,50,Neutral,266692.8050703027
2024-03-27,56,Greed,262818.10859671654
2024-03-28,55,Neutral,262168.73432295
2024-03-29,58,Greed,262183.4426111588
2024-03-30,57,Greed,280061.1994771012
2024-03-31,52,Neutral,256478.31593038535
2024-04-01,59,Greed,288387.1972000843
2024-04-02,60,Greed,299479.59532902157
2024-04-03,56,Greed,304377.1250782661
2024-04-04,55,Neutral,313759.2850284267
2024-04-05,53,Neutral,304075.7259286918
2024-04-06,53,Neutral,302919.4322308086
2024-04-07,52,Neutral,309378.9906732986
2024-04-08,62,Greed,296042.2539908894
2024-04-09,64,Greed,304047.8592731756
2024-04-10,63,Greed,320147.73702536366
2024-04-11,58,Greed,330791.87380395335
2024-04-12,53,Neutral,324546.19269389304
2024-04-13,57,Greed,326357.3925233988
2024-04-14,70,Greed,306393.3743793476
2024-04-15,63,Greed,291998.85134461214
2024-04-16,60,Greed,272938.7739141058
2024-04-17,48,Neutral,266889.0326735331
2024-04-18,37,Fear,261499.03036206932
2024-04-19,28,Fear,257914.019035002
2024-04-20,32,Fear,262465.8210595059
2024-04-21,30,Fear,266172.87690073723
2024-04-22,27,Fear,253424.22661694133
2024-04-23,31,Fear,262541.74466715014
2024-04-24,26,Fear,250125.8992108146
2024-04-25,32,Fear,256883.15243417048
2024-04-26,27,Fear,256495.54869255784
2024-04-27,32,Fear,277020.2851732397
2024-04-28,41,Fear,274134.01355833217
2024-04-29,42,Fear,302213.88586646743
2024-04-30,54,Neutral,329609.9283817439
2024-05-01,48,Neutral,307697.76146592293
2024-05-02,38,Fear,307513.01923623227
2024-05-03,30,Fear,269273.7761128396
2024-05-04,19,Extreme Fear,256910.5235388748
2024-05-05,15,Extreme Fear,260223.89380266576
2024-05-06,18,Extreme Fear,267856.18101255223
2024-05-07,22,Extreme Fear,272304.35848950676
2024-05-08,31,Fear,299163.02690206876
2024-05-09,29,Fear,295391.8036958161
2024-05-10,27,Fear,312729.24312099314
2024-05-11,27,Fear,313362.28841016925
2024-05-12,27,Fear,301385.24363754573
2024-05-13,19,Extreme Fear,283549.8233735669
2024-05-14,17,Extreme Fear,270808.7042114111
2024-05-15,27,Fear,287884.7312034835
2024-05-16,41,Fear,300598.8645882909
2024-05-17,43,Fear,290829.2683013197
2024-05-18,50,Neutral,307117.36283838877
2024-05-19,55,Neutral,313784.9603491811
2024-05-20,43,Fear,292146.3707923452
2024-05-21,35,Fear,287924.98301197006
2024-05-22,50,Neutral,288915.3378270024
2024-05-23,46,Neutral,297537.5322030029
2024-05-24,50,Neutral,308054.3304432297
2024-05-25,49,Neutral,300743.7447873076
2024-05-26,46,Neutral,277646.63286034
2024-05-27,42,Fear,287477.45139683265
2024-05-28,39,Fear,285476.30164762255
2024-05-29,42,Fear,354050.55831697746
2024-05-30,39,Fear,387602.75544138387
2024-05-31,45,Neutral,368987.5789962489
2024-06-01,37,Fear,347593.8694799776
2024-06-02,54,Neutral,417944.0828895077
2024-06-03,59,Greed,421216.04788688297
2024-06-04,58,Greed,418218.47331398574
2024-06-05,56,Greed,426888.2891792368
2024-06-06,61,Greed,444173.4626721498
2024-06-07,61,Greed,557313.51690547
2024-06-08,56,Greed,567782.6998758643
2024-06-09,63,Greed,566211.3572113719
2024-06-10,60,Greed,535358.2352160934
2024-06-11,59,Greed,516106.89541826164
2024-06-12,59,Greed,485948.3622523764
2024-06-13,49,Neutral,489918.43307667284
2024-06-14,47,Neutral,480631.58976217697
2024-06-15,50,Neutral,482914.4032885303
2024-06-16,55,Neutral,497962.7685993022
2024-06-17,58,Greed,507293.7637323068
2024-06-18,57,Greed,490294.69421043544
2024-06-19,56,Greed,491260.56760397676
2024-06-20,52,Neutral,523580.2317213884
2024-06-21,52,Neutral,524250.1606399529
2024-06-22,63,Greed,555906.9188333353
2024-06-23,49,Neutral,573092.8856924382
2024-06-24,58,Greed,588315.7967908245
2024-06-25,62,Greed,615544.6276096078
2024-06-26,54,Neutral,504830.7464326379
2024-06-27,57,Greed,519463.279152849
2024-06-28,56,Greed,558172.8114540771
2024-06-29,62,Greed,578409.6737846266
2024-06-30,48,Neutral,554116.8937640719
2024-07-01,55,Neutral,522046.5057673205
2024-07-02,47,Neutral,481224.192035331
2024-07-03,48,Neutral,507947.9008957016
2024-07-04,46,Neutral,514133.47315550724
2024-07-05,39,Fear,517600.30170324707
2024-07-06,43,Fear,495970.9170694031
2024-07-07,31,Fear,465862.7505481617
2024-07-08,19,Extreme Fear,475035.5212515795
2024-07-09,24,Extreme Fear,533464.7061951436
2024-07-10,34,Fear,561677.9304729478
2024-07-11,32,Fear,543678.2643484107
2024-07-12,47,Neutral,560868.5100105971
2024-07-13,40,Fear,542143.5875845242
2024-07-14,49,Neutral,555128.0334090351
2024-07-15,50,Neutral,555265.5908644183
2024-07-16,25,Fear,433398.9979870059
2024-07-17,17,Extreme Fear,415081.1314113344
2024-07-18,13,Extreme Fear,404836.4974444818
2024-07-19,7,Extreme Fear,380589.98947014235
2024-07-20,0,Extreme Fear,386386.56464368815
2024-07-21,2,Extreme Fear,374536.6179559155
2024-07-22,1,Extreme Fear,363593.26564556314
2024-07-23,0,Extreme Fear,376502.93877550744
2024-07-24,0,Extreme Fear,396486.73917377775
2024-07-25,0,Extreme Fear,386405.01872982533
2024-07-26,6,Extreme Fear,380462.4917950805
2024-07-27,7,Extreme Fear,375660.45988106675
2024-07-28,6,Extreme Fear,385861.9376395443
2024-07-29,5,Extreme Fear,371947.44368544244
2024-07-30,1,Extreme Fear,401712.4373960783
2024-07-31,10,Extreme Fear,407634.7450270977
2024-08-01,11,Extreme Fear,400899.58903451846
2024-08-02,13,Extreme Fear,414921.9712614565
2024-08-03,18,Extreme Fear,419881.3837159396
2024-08-04,20,Extreme Fear,415559.72327267594
2024-08-05,20,Extreme Fear,431959.0931499612
2024-08-06,31,Fear,456380.8617857586
2024-08-07,24,Extreme Fear,453429.94490477146
2024-08-08,20,Extreme Fear,461861.47423576633
2024-08-09,16,Extreme Fear,460585.5179369641
2024-08-10,12,Extreme Fear,474314.44418928726
2024-08-11,21,Extreme Fear,481792.12519923673
2024-08-12,19,Extreme Fear,474810.8974902295
2024-08-13,20,Extreme Fear,485431.63222178543
2024-08-14,25,Fear,517736.3747808747
2024-08-15,46,Neutral,536601.1717614556
2024-08-16,56,Greed,537519.0604675829
2024-08-17,71,Greed,589019.5886782041
2024-08-18,70,Greed,621039.4155185523
2024-08-19,66,Greed,591414.0758122172
2024-08-20,68,Greed,557030.1208091346
2024-08-21,72,Greed,576401.8641626628
2024-08-22,70,Greed,596110.3953622001
2024-08-23,70,Greed,585722.1152080481
2024-08-24,66,Greed,582489.3111456216
2024-08-25,67,Greed,587798.7121116094
2024-08-26,69,Greed,597420.3273336008
2024-08-27,67,Greed,565042.9933881777
2024-08-28,66,Greed,469281.6868133639
2024-08-29,65,Greed,493765.7492001294
2024-08-30,64,Greed,508337.221996528
2024-08-31,62,Greed,488339.5542945002
2024-09-01,60,Greed,534096.7540397883
2024-09-02,63,Greed,534094.7577066723
2024-09-03,64,Greed,517196.87833833095
2024-09-04,60,Greed,514282.64138561365
2024-09-05,52,Neutral,529184.7070689301
2024-09-06,46,Neutral,516508.28198523325
2024-09-07,46,Neutral,519823.309685417
2024-09-08,41,Fear,490874.8503602501
2024-09-09,36,Fear,460718.93350838614
2024-09-10,34,Fear,472043.57219141023
2024-09-11,29,Fear,471349.33300495613
2024-09-12,37,Fear,496257.52056130074
2024-09-13,20,Extreme Fear,483708.071910541
2024-09-14,28,Fear,505792.0290379722
2024-09-15,26,Fear,487970.20616514474
2024-09-16,22,Extreme Fear,478490.3613767045
2024-09-17,13,Extreme Fear,472290.652053625
2024-09-18,12,Extreme Fear,489082.0355010214
2024-09-19,20,Extreme Fear,476769.8303290972
2024-09-20,17,Extreme Fear,487383.37123085465
2024-09-21,9,Extreme Fear,498813.8302057262
2024-09-22,22,Extreme Fear,527970.6344330986
2024-09-23,20,Extreme Fear,500730.3093565464
2024-09-24,25,Fear,541473.8625571468
2024-09-25,24,Extreme Fear,554679.139462571
2024-09-26,33,Fear,556207.9607406214
2024-09-27,50,Neutral,600851.376494126
2024-09-28,44,Fear,502705.00351420906
2024-09-29,36,Fear,506035.3187479711
2024-09-30,41,Fear,542362.7700473104
2024-10-01,38,Fear,557635.2568744151
2024-10-02,33,Fear,546012.5381095669
2024-10-03,43,Fear,587219.1529640813
2024-10-04,44,Fear,587417.3840050873
2024-10-05,53,Neutral,613017.4736713696
2024-10-06,54,Neutral,581403.2901205213
2024-10-07,48,Neutral,580527.4748903183
2024-10-08,48,Neutral,585899.9953882482
2024-10-09,54,Neutral,561972.4421625255
2024-10-10,55,Neutral,595395.1562411805
2024-10-11,57,Greed,587872.6143777004
2024-10-12,56,Greed,596942.6743306622
2024-10-13,57,Greed,611912.7819167583
2024-10-14,50,Neutral,604438.6552082937
2024-10-15,50,Neutral,574146.8218766084
2024-10-16,63,Greed,634615.7880273457
2024-10-17,59,Greed,736993.5334227337
2024-10-18,61,Greed,788634.9463994484
2024-10-19,64,Greed,812031.6390656625
2024-10-20,66,Greed,804635.3882242324
2024-10-21,65,Greed,813134.0095162783
2024-10-22,61,Greed,792042.4163577107
2024-10-23,59,Greed,793517.0365138252
2024-10-24,63,Greed,731004.1447211368
2024-10-25,59,Greed,694361.4310549925
2024-10-26,54,Neutral,673425.2483624141
2024-10-27,49,Neutral,710775.1567173982
2024-10-28,61,Greed,725469.9496737599
2024-10-29,63,Greed,744661.9579326299
2024-10-30,67,Greed,702761.8729807959
2024-10-31,50,Neutral,637053.7302372992
2024-11-01,50,Neutral,642027.2157390235
2024-11-02,34,Fear,616889.2331578238
2024-11-03,42,Fear,606799.9019365297
2024-11-04,34,Fear,593477.254827004
2024-11-05,28,Fear,566822.5231609384
2024-11-06,28,Fear,563926.309332392
2024-11-07,26,Fear,574409.3250378546
2024-11-08,40,Fear,596065.4384738865
2024-11-09,31,Fear,573675.2989323351
2024-11-10,26,Fear,548670.3166095873
2024-11-11,29,Fear,565280.361168936
2024-11-12,22,Extreme Fear,559179.0459169255
2024-11-13,37,Fear,705985.7906655694
2024-11-14,54,Neutral,752297.0872096291
2024-11-15,49,Neutral,771318.0270536931
2024-11-16,38,Fear,773595.2206542632
2024-11-17,32,Fear,781060.5490668924
2024-11-18,26,Fear,814170.0504882756
2024-11-19,34,Fear,903963.8752369658
2024-11-20,34,Fear,881179.2920413517
2024-11-21,45,Neutral,949984.8959056984
2024-11-22,37,Fear,940776.6988564483
